{"augmented": {"0": [2.4958523909250894, 0.5643478260869565, 0, 0.3662938280086328], "1": [2.9452872508101993, 0.5956521739130435, 0, 0.4040771709225465], "2": [2.05569297571977, 0.6008695652173913, 0, 0.4420805875269689], "3": [1.9829476575056713, 0.6217391304347826, 0, 0.48049452105759544], "4": [1.8811928662988875, 0.6243478260869565, 0, 0.4738064783353978], "5": [1.8018239074283176, 0.6278260869565218, 0, 0.48007309630723227], "6": [2.088599248064889, 0.6060869565217392, 0, 0.45198170125886467], "7": [1.9815129157569673, 0.5947826086956521, 0, 0.43502256419414387], "8": [1.9121739748451445, 0.6017391304347826, 0, 0.4309652013652131], "9": [1.8899162544144525, 0.6182608695652174, 0, 0.45860880653644287], "10": [1.9539612515105143, 0.611304347826087, 0, 0.4607118285504047], "11": [1.9688359134727054, 0.6069565217391304, 0, 0.46096633106778007], "12": [1.973181954688496, 0.6052173913043478, 0, 0.4472200370098956], "13": [2.088529017236498, 0.5973913043478261, 0, 0.44778923046779506], "14": [1.9822482731607225, 0.6139130434782609, 0, 0.47567922533952506], "15": [1.8347809513409932, 0.6104347826086957, 0, 0.44581097147004856], "16": [2.164002878798379, 0.5956521739130435, 0, 0.45866756578772316], "17": [2.008966346581777, 0.6043478260869565, 0, 0.46760444511127147], "18": [1.894703671336174, 0.6069565217391304, 0, 0.4492833647855777], "19": [2.0198682645956674, 0.5895652173913043, 0, 0.4214176141012531], "20": [1.9736434767643611, 0.6173913043478261, 0, 0.46832493411783743], "21": [2.1757161534494824, 0.5834782608695652, 0, 0.43800802257672816], "22": [2.0234819468524723, 0.5956521739130435, 0, 0.4434302308779402], "23": [1.917090204026964, 0.62, 0, 0.4781487799332427], "24": [1.946093029446072, 0.5930434782608696, 0, 0.4387496344990758], "25": [1.9946314692497253, 0.5991304347826087, 0, 0.4562877500304942], "26": [1.929350722167227, 0.6139130434782609, 0, 0.4644613977307995], "27": [1.8661120136578877, 0.6060869565217392, 0, 0.4706976931853968], "28": [1.7454405609104369, 0.6226086956521739, 0, 0.48287441198156367], "29": [2.0560017393694983, 0.611304347826087, 0, 0.4670734808005174]}, "baseline": {"0": [1.8414137760798137, 0.64, 0, 0.4850895152078539], "1": [1.835402841369311, 0.6495652173913044, 0, 0.4961429451768738], "2": [1.8078076475196414, 0.6617391304347826, 0, 0.5104189247021469], "3": [1.8107325931390126, 0.6539130434782608, 0, 0.5031932791688101], "4": [1.7190922730498843, 0.662608695652174, 0, 0.5002406129190992], "5": [1.7480613042910893, 0.6530434782608696, 0, 0.512570083566777], "6": [1.8329859011703067, 0.6469565217391304, 0, 0.49204140911511657], "7": [1.8854292581478755, 0.6521739130434783, 0, 0.5032902899203421], "8": [1.8750291334258185, 0.6434782608695652, 0, 0.4914687479351927], "9": [1.7873460782898798, 0.6469565217391304, 0, 0.5016658756974348], "10": [1.6546389957269032, 0.662608695652174, 0, 0.5095719564342124], "11": [1.8011496861775715, 0.648695652173913, 0, 0.49041240143164366], "12": [1.7456816699769762, 0.6678260869565218, 0, 0.48893781799758834], "13": [1.934730081094636, 0.6382608695652174, 0, 0.48659042293070265], "14": [1.7028433879216511, 0.6556521739130434, 0, 0.5139471373548774], "15": [1.7266388088464737, 0.6504347826086957, 0, 0.5045941990031869], "16": [1.7364547567235098, 0.6547826086956522, 0, 0.4948264199609741], "17": [1.7353548010190327, 0.6313043478260869, 0, 0.48938701826560166], "18": [1.7803693049483829, 0.6504347826086957, 0, 0.5007859265072869], "19": [1.7530251459942923, 0.662608695652174, 0, 0.508900059078286], "20": [1.8010363843705919, 0.6443478260869565, 0, 0.5221610410177511], "21": [1.6887655191951327, 0.6530434782608696, 0, 0.49072519534819453], "22": [1.7985767043299146, 0.6695652173913044, 0, 0.5139149609087682], "23": [1.759276141722997, 0.6660869565217391, 0, 0.5206658877891898], "24": [1.852885173426734, 0.6591304347826087, 0, 0.510854669455057], "25": [1.744337409734726, 0.6556521739130434, 0, 0.507991410372782], "26": [1.775504320859909, 0.6521739130434783, 0, 0.4800838678284619], "27": [1.740778277317683, 0.6547826086956522, 0, 0.5146829558068584], "28": [1.687925676504771, 0.6434782608695652, 0, 0.4932760925358238], "29": [1.761353838774893, 0.6547826086956522, 0, 0.5103190531167717]}}